date,vehicle_id,assigned_tech,vehicle_class,duty_class,distance_km,duration_hr,payload_ratio,departure_time,return_time,charging_window_hr,ambient_temp_c,weather_cond,service_status,is_outsourced,outsourced_cost_usd,diesel_liters,sim_true_traction_kwh,sim_true_onboard_aux_kwh,sim_true_battery_withdrawal_kwh,sim_true_grid_charging_kwh,monitoring_tier,obs_traction_kwh,obs_availability
2026-03-01,D-01,Diesel,Class6_Box,D1_Urban,85.2,5.8,0.72,07:30,13:18,18.2,14.5,Dry,Completed,0,0.0,25.6,,,,,None,,Quarter_End
2026-03-01,D-02,Diesel,Class6_Box,D2_Suburban,135.0,6.5,0.85,07:00,13:30,17.5,14.5,Dry,Completed,0,0.0,37.8,,,,,None,,Quarter_End
2026-03-01,D-03,Diesel,Class6_Box,D3_Regional,210.4,7.8,0.9,06:30,14:18,16.2,14.5,Dry,Completed,0,0.0,56.8,,,,,None,,Quarter_End
2026-03-01,EV-01,Electric,Class6_Box,D1_Urban,84.8,5.9,0.7,07:30,13:24,18.1,14.5,Dry,Completed,0,0.0,,100.1,7.2,107.3,121.9,Enhanced_Telemetry,100.1,Immediate_CAN_Bus
2026-03-01,EV-02,Electric,Class6_Box,D1_Urban,85.5,5.8,0.73,07:30,13:18,18.2,14.5,Dry,Completed,0,0.0,,101.2,7.3,108.5,123.3,Baseline_Meter,NA,Quarter_End
2026-03-02,D-01,Diesel,Class6_Box,D1_Urban,86.0,6.1,0.68,07:30,13:36,17.9,12.0,Rain,Completed,0,0.0,26.7,,,,,None,,Quarter_End
2026-03-02,D-02,Diesel,Class6_Box,D2_Suburban,138.5,6.9,0.88,07:00,13:54,17.1,12.0,Rain,Completed,0,0.0,39.5,,,,,None,,Quarter_End
2026-03-02,D-03,Diesel,Class6_Box,D3_Regional,208.0,7.9,0.92,06:30,14:24,16.1,12.0,Rain,Completed,0,0.0,57.2,,,,,None,,Quarter_End
2026-03-02,EV-01,Electric,Class6_Box,D1_Urban,85.5,6.2,0.71,07:30,13:42,17.8,12.0,Rain,Completed,0,0.0,,103.8,9.5,113.3,128.8,Enhanced_Telemetry,103.8,Immediate_CAN_Bus
2026-03-02,EV-02,Electric,Class6_Box,D1_Urban,86.2,6.1,0.74,07:30,13:36,17.9,12.0,Rain,Completed,0,0.0,,104.5,9.6,114.1,129.7,Baseline_Meter,NA,Quarter_End
2026-03-03,D-01,Diesel,Class6_Box,D1_Urban,84.1,5.6,0.75,07:30,13:06,18.4,9.5,Cold_Wind,Completed,0,0.0,26.1,,,,,None,,Quarter_End
2026-03-03,D-02,Diesel,Class6_Box,D2_Suburban,132.8,6.2,0.8,07:00,13:12,17.8,9.5,Cold_Wind,Completed,0,0.0,38.0,,,,,None,,Quarter_End
2026-03-03,D-03,Diesel,Class6_Box,D3_Regional,214.5,8.1,0.95,06:30,14:36,15.9,9.5,Cold_Wind,Completed,0,0.0,59.0,,,,,None,,Quarter_End
2026-03-03,EV-01,Electric,Class6_Box,D1_Urban,84.6,5.7,0.74,07:30,13:12,18.3,9.5,Cold_Wind,Completed,0,0.0,,105.2,13.8,119.0,135.2,Enhanced_Telemetry,105.2,Immediate_CAN_Bus
2026-03-03,EV-02,Electric,Class6_Box,D1_Urban,84.2,5.8,0.72,07:30,13:18,18.2,9.5,Cold_Wind,Completed,0,0.0,,104.6,13.7,118.3,134.4,Baseline_Meter,NA,Quarter_End
2026-03-04,D-01,Diesel,Class6_Box,D1_Urban,85.0,5.7,0.71,07:30,13:12,18.3,16.0,Dry,Completed,0,0.0,25.2,,,,,None,,Quarter_End
2026-03-04,D-02,Diesel,Class6_Box,D2_Suburban,136.2,6.4,0.84,07:00,13:24,17.6,16.0,Dry,Completed,0,0.0,37.5,,,,,None,,Quarter_End
2026-03-04,D-03,Diesel,Class6_Box,D3_Regional,209.5,7.7,0.89,06:30,14:12,16.3,16.0,Dry,Completed,0,0.0,56.1,,,,,None,,Quarter_End
2026-03-04,EV-01,Electric,Class6_Box,D1_Urban,85.1,5.8,0.73,07:30,13:18,18.2,16.0,Dry,Completed,0,0.0,,99.2,6.5,105.7,120.1,Enhanced_Telemetry,99.2,Immediate_CAN_Bus
2026-03-04,EV-02,Electric,Class6_Box,D1_Urban,85.4,5.7,0.71,07:30,13:12,18.3,16.0,Dry,Completed,0,0.0,,99.8,6.6,106.4,120.9,Baseline_Meter,NA,Quarter_End
2026-03-05,D-01,Diesel,Class6_Box,D1_Urban,87.4,6.0,0.78,07:30,13:30,18.0,17.2,Dry,Completed,0,0.0,26.0,,,,,None,,Quarter_End
2026-03-05,D-02,Diesel,Class6_Box,D2_Suburban,134.8,6.3,0.82,07:00,13:18,17.7,17.2,Dry,Completed,0,0.0,37.1,,,,,None,,Quarter_End
2026-03-05,D-03,Diesel,Class6_Box,D3_Regional,212.0,8.0,0.91,06:30,14:30,16.0,17.2,Dry,Completed,0,0.0,57.5,,,,,None,,Quarter_End
2026-03-05,EV-01,Electric,Class6_Box,D1_Urban,86.8,6.0,0.76,07:30,13:30,18.0,17.2,Dry,Completed,0,0.0,,102.1,6.8,108.9,123.8,Enhanced_Telemetry,102.1,Immediate_CAN_Bus
2026-03-05,EV-02,Electric,Class6_Box,D1_Urban,86.5,5.9,0.75,07:30,13:24,18.1,17.2,Dry,Completed,0,0.0,,101.6,6.7,108.3,123.1,Baseline_Meter,NA,Quarter_End
2026-03-06,D-01,Diesel,Class6_Box,D1_Urban,83.9,5.5,0.69,07:30,13:00,18.5,15.0,Dry,Completed,0,0.0,24.8,,,,,None,,Quarter_End
2026-03-06,D-02,Diesel,Class6_Box,D2_Suburban,137.5,6.6,0.87,07:00,13:36,17.4,15.0,Dry,Completed,0,0.0,38.2,,,,,None,,Quarter_End
2026-03-06,D-03,Diesel,Class6_Box,D3_Regional,216.0,8.2,0.93,06:30,14:42,15.8,15.0,Dry,Completed,0,0.0,58.4,,,,,None,,Quarter_End
2026-03-06,EV-01,Electric,Class6_Box,D1_Urban,84.2,5.6,0.71,07:30,13:06,18.4,15.0,Dry,Completed,0,0.0,,98.6,7.1,105.7,120.1,Enhanced_Telemetry,98.6,Immediate_CAN_Bus
2026-03-06,EV-02,Electric,Class6_Box,D1_Urban,84.5,5.7,0.72,07:30,13:12,18.3,15.0,Dry,Completed,0,0.0,,98.9,7.2,106.1,120.6,Baseline_Meter,NA,Quarter_End
2026-03-07,D-01,Diesel,Class6_Box,D1_Urban,85.5,5.8,0.73,07:30,13:18,18.2,18.0,Dry,Completed,0,0.0,25.4,,,,,None,,Quarter_End
2026-03-07,D-02,Diesel,Class6_Box,D2_Suburban,133.0,6.2,0.81,07:00,13:12,17.8,18.0,Dry,Completed,0,0.0,36.9,,,,,None,,Quarter_End
2026-03-07,D-03,Diesel,Class6_Box,D3_Regional,207.5,7.6,0.88,06:30,14:06,16.4,18.0,Dry,Completed,0,0.0,55.9,,,,,None,,Quarter_End
2026-03-07,EV-01,Electric,Class6_Box,D1_Urban,85.0,5.7,0.72,07:30,13:12,18.3,18.0,Dry,Completed,0,0.0,,99.5,6.4,105.9,120.3,Enhanced_Telemetry,99.5,Immediate_CAN_Bus
2026-03-07,EV-02,Electric,Class6_Box,D1_Urban,85.6,5.8,0.74,07:30,13:18,18.2,18.0,Dry,Completed,0,0.0,,100.2,6.5,106.7,121.3,Baseline_Meter,NA,Quarter_End
2026-03-08,D-01,Diesel,Class6_Box,D1_Urban,86.5,5.9,0.7,07:30,13:24,18.1,19.5,Dry,Completed,0,0.0,25.8,,,,,None,,Quarter_End
2026-03-08,D-02,Diesel,Class6_Box,D2_Suburban,135.8,6.5,0.85,07:00,13:30,17.5,19.5,Dry,Completed,0,0.0,37.4,,,,,None,,Quarter_End
2026-03-08,D-03,Diesel,Class6_Box,D3_Regional,211.0,7.9,0.91,06:30,14:24,16.1,19.5,Dry,Completed,0,0.0,56.6,,,,,None,,Quarter_End
2026-03-08,EV-01,Electric,Class6_Box,D1_Urban,85.8,5.8,0.71,07:30,13:18,18.2,19.5,Dry,Completed,0,0.0,,99.8,6.2,106.0,120.5,Enhanced_Telemetry,99.8,Immediate_CAN_Bus
2026-03-08,EV-02,Electric,Class6_Box,D1_Urban,86.1,5.9,0.72,07:30,13:24,18.1,19.5,Dry,Completed,0,0.0,,100.3,6.3,106.6,121.1,Baseline_Meter,NA,Quarter_End
2026-03-09,D-01,Diesel,Class6_Box,D1_Urban,84.5,5.7,0.74,07:30,13:12,18.3,11.0,Rain,Completed,0,0.0,26.4,,,,,None,,Quarter_End
2026-03-09,D-02,Diesel,Class6_Box,D2_Suburban,139.0,7.1,0.89,07:00,14:06,16.9,11.0,Rain,Completed,0,0.0,40.1,,,,,None,,Quarter_End
2026-03-09,D-03,Diesel,Class6_Box,D3_Regional,215.0,8.3,0.94,06:30,14:48,15.7,11.0,Rain,Completed,0,0.0,58.9,,,,,None,,Quarter_End
2026-03-09,EV-01,Electric,Class6_Box,D1_Urban,84.9,5.8,0.72,07:30,13:18,18.2,11.0,Rain,Completed,0,0.0,,103.5,10.8,114.3,129.9,Enhanced_Telemetry,103.5,Immediate_CAN_Bus
2026-03-09,EV-02,Electric,Class6_Box,D1_Urban,85.2,5.9,0.73,07:30,13:24,18.1,11.0,Rain,Completed,0,0.0,,103.9,10.9,114.8,130.5,Baseline_Meter,NA,Quarter_End
2026-03-10,D-01,Diesel,Class6_Box,D1_Urban,85.8,5.8,0.72,07:30,13:18,18.2,13.0,Dry,Completed,0,0.0,25.5,,,,,None,,Quarter_End
2026-03-10,D-02,Diesel,Class6_Box,D2_Suburban,134.5,6.4,0.83,07:00,13:24,17.6,13.0,Dry,Completed,0,0.0,37.2,,,,,None,,Quarter_End
2026-03-10,D-03,Diesel,Class6_Box,D3_Regional,218.0,8.5,0.96,06:30,15:00,15.5,13.0,Dry,Late_Return,0,0.0,59.5,,,,,None,,Quarter_End
2026-03-10,EV-01,Electric,Class6_Box,D1_Urban,85.2,5.7,0.71,07:30,13:12,18.3,13.0,Dry,Completed,0,0.0,,101.2,8.6,109.8,124.8,Enhanced_Telemetry,101.2,Immediate_CAN_Bus
2026-03-10,EV-02,Electric,Class6_Box,D1_Urban,85.7,5.8,0.73,07:30,13:18,18.2,13.0,Dry,Completed,0,0.0,,101.9,8.7,110.6,125.7,Baseline_Meter,NA,Quarter_End
2026-03-11,D-01,Diesel,Class6_Box,D1_Urban,86.2,5.9,0.75,07:30,13:24,18.1,15.5,Dry,Completed,0,0.0,25.7,,,,,None,,Quarter_End
2026-03-11,D-02,Diesel,Class6_Box,D2_Suburban,136.0,6.5,0.85,07:00,13:30,17.5,15.5,Dry,Completed,0,0.0,37.7,,,,,None,,Quarter_End
2026-03-11,D-03,Diesel,Class6_Box,D3_Regional,,,,,,,15.5,Dry,Maintenance_Breakdown,1,450.0,,,,,,None,,Quarter_End
2026-03-11,EV-01,Electric,Class6_Box,D1_Urban,85.9,5.8,0.73,07:30,13:18,18.2,15.5,Dry,Completed,0,0.0,,100.8,6.9,107.7,122.4,Enhanced_Telemetry,100.8,Immediate_CAN_Bus
2026-03-11,EV-02,Electric,Class6_Box,D1_Urban,86.4,5.9,0.75,07:30,13:24,18.1,15.5,Dry,Completed,0,0.0,,101.5,7.0,108.5,123.3,Baseline_Meter,NA,Quarter_End
2026-03-12,D-01,Diesel,Class6_Box,D1_Urban,84.7,5.7,0.7,07:30,13:12,18.3,16.5,Dry,Completed,0,0.0,25.1,,,,,None,,Quarter_End
2026-03-12,D-02,Diesel,Class6_Box,D2_Suburban,133.8,6.3,0.81,07:00,13:18,17.7,16.5,Dry,Completed,0,0.0,36.8,,,,,None,,Quarter_End
2026-03-12,D-03,Diesel,Class6_Box,D3_Regional,209.0,7.7,0.9,06:30,14:12,16.3,16.5,Dry,Completed,0,0.0,56.3,,,,,None,,Quarter_End
2026-03-12,EV-01,Electric,Class6_Box,D1_Urban,85.0,5.7,0.72,07:30,13:12,18.3,16.5,Dry,Completed,0,0.0,,99.4,6.7,106.1,120.6,Enhanced_Telemetry,99.4,Immediate_CAN_Bus
2026-03-12,EV-02,Electric,Class6_Box,D1_Urban,85.3,5.8,0.73,07:30,13:18,18.2,16.5,Dry,Completed,0,0.0,,99.7,6.8,106.5,121.0,Baseline_Meter,NA,Quarter_End
2026-03-13,D-01,Diesel,Class6_Box,D1_Urban,87.0,6.0,0.76,07:30,13:30,18.0,14.0,Dry,Completed,0,0.0,26.2,,,,,None,,Quarter_End
2026-03-13,D-02,Diesel,Class6_Box,D2_Suburban,137.2,6.6,0.86,07:00,13:36,17.4,14.0,Dry,Completed,0,0.0,38.0,,,,,None,,Quarter_End
2026-03-13,D-03,Diesel,Class6_Box,D3_Regional,213.0,8.0,0.92,06:30,14:30,16.0,14.0,Dry,Completed,0,0.0,57.6,,,,,None,,Quarter_End
2026-03-13,EV-01,Electric,Class6_Box,D1_Urban,86.5,5.9,0.74,07:30,13:24,18.1,14.0,Dry,Completed,0,0.0,,101.9,7.8,109.7,124.7,Enhanced_Telemetry,101.9,Immediate_CAN_Bus
2026-03-13,EV-02,Electric,Class6_Box,D1_Urban,86.8,6.0,0.75,07:30,13:30,18.0,14.0,Dry,Completed,0,0.0,,102.4,7.9,110.3,125.3,Baseline_Meter,NA,Quarter_End
2026-03-14,D-01,Diesel,Class6_Box,D1_Urban,85.3,5.8,0.71,07:30,13:18,18.2,17.0,Dry,Completed,0,0.0,25.3,,,,,None,,Quarter_End
2026-03-14,D-02,Diesel,Class6_Box,D2_Suburban,135.2,6.4,0.83,07:00,13:24,17.6,17.0,Dry,Completed,0,0.0,37.3,,,,,None,,Quarter_End
2026-03-14,D-03,Diesel,Class6_Box,D3_Regional,210.5,7.8,0.91,06:30,14:18,16.2,17.0,Dry,Completed,0,0.0,56.7,,,,,None,,Quarter_End
2026-03-14,EV-01,Electric,Class6_Box,D1_Urban,85.1,5.7,0.72,07:30,13:12,18.3,17.0,Dry,Completed,0,0.0,,99.6,6.6,106.2,120.7,Enhanced_Telemetry,99.6,Immediate_CAN_Bus
2026-03-14,EV-02,Electric,Class6_Box,D1_Urban,85.5,5.8,0.73,07:30,13:18,18.2,17.0,Dry,Completed,0,0.0,,100.1,6.7,106.8,121.4,Baseline_Meter,NA,Quarter_End
