case,seed,comparator,paths,mean_savings_usd,ci_low,ci_high,precision_target_usd,precision_target_met
Independent bounded paths,20261003,Flexible timing,2000,90451.13208893785,87616.9257151057,93285.33846277001,5000,True
Independent bounded paths,20261003,Matched ablation,2000,91931.8276889089,89098.58647389876,94765.06890391905,5000,True
Independent bounded paths,20261003,Immediate scale,2000,126045.83252836093,123267.71134053741,128823.95371618445,5000,True
Ten percent telemetry contamination,20261003,Flexible timing,2000,90266.35122694663,87428.33242347819,93104.37003041507,5000,True
Ten percent telemetry contamination,20261003,Matched ablation,2000,91747.04682691772,88909.90421996516,94584.18943387028,5000,True
Ten percent telemetry contamination,20261003,Immediate scale,2000,125861.05166636973,123073.6111866326,128648.49214610687,5000,True
Independent bounded paths,20261004,Flexible timing,2000,88335.53496123903,85468.95032493703,91202.11959754102,5000,True
Independent bounded paths,20261004,Matched ablation,2000,89817.82116781571,86952.19980122126,92683.44253441016,5000,True
Independent bounded paths,20261004,Immediate scale,2000,124009.61777564851,121198.60506174456,126820.63048955247,5000,True
Ten percent telemetry contamination,20261004,Flexible timing,2000,87808.30483852525,84933.41865904999,90683.1910180005,5000,True
Ten percent telemetry contamination,20261004,Matched ablation,2000,89290.59104510194,86416.56193402199,92164.6201561819,5000,True
Ten percent telemetry contamination,20261004,Immediate scale,2000,123482.38765293476,120657.08518001612,126307.6901258534,5000,True