case,strategy,cost_usd,feasible,states,runtime_seconds,monitoring_quarters,maximum_electric_vehicles
Base,joint,834585.2573381911,True,27472,5.863889349000601,1,2
Base,flexible,924567.5577225373,True,6451,0.3757408609999402,0,2
Belief precision 4,joint,834500.5300082527,True,26488,5.682154544000696,1,2
Belief precision 4,flexible,924566.5966441111,True,6410,0.38781851600015216,0,2
Belief precision 5,joint,834492.0572752587,True,26488,5.909632496000086,1,2
Belief precision 5,flexible,924566.3318205774,True,6410,0.3854807540001275,0,2
Five signal categories,joint,834585.2573381911,True,30572,15.874247439999635,1,2
Five signal categories,flexible,924567.6284343278,True,9551,0.6661432910004805,0,2
Seven signal categories,joint,834585.2573381148,True,33672,30.993345269999736,1,2
Seven signal categories,flexible,924567.5466797076,True,12651,1.0233476210005392,0,2
Literal positive support,joint,834585.2573381911,True,27472,5.936632441999791,1,2
Literal positive support,flexible,924567.5577225373,True,6451,0.407539488999646,0,2
Support tolerance 0.001,joint,834585.2573381911,True,27472,5.788629026999843,1,2
Support tolerance 0.001,flexible,924567.5577225373,True,6451,0.38588827599960496,0,2
Denser budget 834,joint,841484.3211215003,True,26438,5.230750398000055,1,2
Denser budget 834,flexible,934494.0751095397,True,6044,0.3715707100000145,0,2
Denser budget 838,joint,787507.3757497708,True,28309,6.4574149750005745,0,1
Denser budget 838,flexible,787507.3757497708,True,6924,0.40806406899992,0,1
No incentive offsets,joint,894053.7119513678,True,19539,3.9632859889998144,1,2
No incentive offsets,flexible,1011353.591121897,True,4415,0.32728668699928676,0,2
Half charger demand,joint,827400.7181082864,True,27472,5.749320115999581,1,2
Half charger demand,flexible,915965.6232086978,True,6451,0.3873683779993371,0,2
Diesel factor plus 3 percent,joint,inf,False,15136,3.0143475820004824,0,0
Diesel factor plus 3 percent,flexible,inf,False,3579,0.34857653500057495,0,0
One regional duty becomes suburban,joint,591629.0267989464,True,28716,7.115437789999305,0,0
One regional duty becomes suburban,flexible,591629.0267989464,True,7319,0.4526018420001492,0,0
No EV terminal credit,joint,912492.6468131809,True,27472,5.894714937000572,1,2
No EV terminal credit,flexible,1041370.2405935865,True,6451,0.37483575199985353,0,2
Initial EV and charger,joint,574698.6813271688,True,17251,2.4174824050005554,0,1
Initial EV and charger,flexible,574698.6813271688,True,2479,0.04815437599972938,0,1